Context ;Question ;Answer;Answer Start index
Studiengang ;Was sind die Hauptinhalte dieses Studiengangs?;Der IMBIT-Studiengang an der DHBW Mannheim vermittelt betriebswirtschaftliche Grundlagen, wie Marketing und Unternehmensführung, sowie informationstechnologische Themen wie Datenbankmanagement und Softwareentwicklung. Praktika und Projektarbeiten ermöglichen die Anwendung des Gelernten. Das breite Fächerspektrum zielt darauf ab, den Studierenden betriebswirtschaftliche und informationstechnische Kompetenzen für internationale Geschäftsumgebungen zu vermitteln.;0
Studiengang ;Welche Karrieremöglichkeiten stehen Absolventen dieses Studiengangs offen?;IMBIT-Absolventen haben vielseitige Karrieremöglichkeiten, darunter IT-Management, Projektmanagement, internationales Marketing, E-Business, Consulting, globaler Handel, internationale Geschäftsentwicklung und Unternehmensgründung. Ihre breiten Fähigkeiten ermöglichen erfolgreiches Arbeiten in verschiedenen Branchen und auf internationaler Ebene.;0
Studiengang ;Wie lange dauert der Studiengang im Regelfall?;Der IMBIT-Studiengang an der DHBW Mannheim dauert in der Regel 3 Jahre. Dies ist typisch für duale Studiengänge in Deutschland, einschließlich derjenigen an der DHBW. Während dieser Zeit wechseln die Studierenden zwischen Theoriephasen an der Hochschule und Praxisphasen in einem Unternehmen.;0
Studiengang ;Worauf spezielisiert sich der Studiengang?;Der IMBIT-Studiengang spezialisiert sich auf die Verbindung von internationalem Geschäftsmanagement und Informationstechnologie. Studierende erwerben Fähigkeiten in Bereichen wie internationales Geschäftsmanagement, IT und digitale Lösungen.;0
Studiengang ;Wo kann ich den Rahmenplan einsehen?;Um den genauen Rahmenplan für den IMBIT-Studiengang an der DHBW Mannheim einzusehen, empfehle ich dir, die offizielle Website der DHBW Mannheim zu besuchen. Auf der Website der Hochschule sollten Informationen zu den Lehrinhalten, Lehrplänen und anderen relevanten Details des Studiengangs verfügbar sein. Alternativ kannst du dich direkt an die Studienberatung der DHBW Mannheim wenden, um Informationen zum Rahmenplan zu erhalten. Beachte, dass Rahmenpläne und Lehrinhalte von Zeit zu Zeit aktualisiert werden können, daher ist es ratsam, die aktuellsten Informationen von der Hochschule zu erhalten.;0
Studiengang ;Wofür steht IMBIT?;"IMBIT steht für ""International Business - Management and Information Technology.""";0
Studiengang ;Welche Inhalte werden von den Partnerunternehmen vermittelt?;Die Inhalte der Praxisphasen im IMBIT-Studiengang variieren je nach Partnerunternehmen. Studierende gewinnen typischerweise praktische Einblicke in betriebswirtschaftliche Abläufe, Erfahrungen im IT-Management, arbeiten an konkreten Projekten, nehmen an Teamprojekten teil, erhalten Schulungen und haben die Möglichkeit, an innovativen Projekten teilzunehmen. Die genauen Inhalte und Schwerpunkte sind abhängig vom jeweiligen Unternehmen, bieten jedoch eine praxisnahe Anwendung des erworbenen Wissens in der Geschäftswelt.;0
Studiengang ;Seit wann existiert der Studiengang?;Der Sudiengang hieß bis vor einigen Jahren noch IBIT.;0
Studiengang ;Welche spezifischen Fächer werden im Verlauf des Studiengangs unterrichtet?;Der IMBIT-Studiengang an der DHBW Mannheim bietet eine Vielzahl von Lehrinhalten, darunter Betriebswirtschaftslehre, Marketing, Controlling, Unternehmensführung, Personalmanagement, Finanzwirtschaft, Datenbankmanagement, Softwareentwicklung, IT-Management, Netzwerktechnologien, Cybersicherheit, Internationales Marketing, E-Business, Projektmanagement, Internationales Recht sowie Sprachen und interkulturelle Kompetenz. Einen link zu Studiumrahmenplan finden Sie hier: https://www.dhbw.de/fileadmin/user/public/SP/MA/Wirtschaftsinformatik/International_Management_for_Business_and_Information_Technology.pdf;0
Studiengang ;Gibt es praktische Anwendungen im Rahmen des Studiengangs?;Im IMBIT-Studiengang an der DHBW Mannheim sind Praxisanwendungen integraler Bestandteil. Studierende absolvieren in der Regel Unternehmenspraktika und Projektarbeiten, um ihr erworbenes Wissen praktisch anzuwenden. Diese praxisorientierten Erfahrungen fördern die Entwicklung beruflicher Kompetenzen und bereiten die Absolventen gezielt auf den Arbeitsmarkt vor.;0
Studiengang ;Wie aktuell sind die Lehrinhalte im Hinblick auf Entwicklungen in der Branche?;Die Aktualität der Lehrinhalte im IMBIT-Studiengang an der DHBW Mannheim hängt von verschiedenen Faktoren ab, darunter die Aktualisierung des Lehrplans durch die Hochschule und die Zusammenarbeit mit Partnerunternehmen. Die DHBW und ihre Partnerunternehmen bemühen sich in der Regel darum, die Lehrinhalte auf dem neuesten Stand zu halten, um den Studierenden aktuelles Wissen und relevante Fähigkeiten für die Arbeitswelt zu vermitteln.;0
Studiengang ;Welche Lernveranstaltungen werden im Laufe des Studiengangs von der DHBW geboten?;Die DHBW Mannheim gestaltet den IMBIT-Studiengang mit vielfältigen Lernveranstaltungen. Diese können je nach Lehrplan variieren und beinhalten Vorlesungen zur Vermittlung theoretischer Grundlagen, Seminare für vertiefte Themen mit engem Studierenden-Dozenten-Austausch, Praktika in Unternehmen für praktische Erfahrungen, Projektarbeiten zur Stärkung von Problemlösungsfähigkeiten und Teamarbeit, Workshops mit praktischen Schulungen, Fallstudien zur Analyse realer Geschäftssituationen sowie Selbststudium für die Vorbereitung auf Prüfungen.;0
Studiengang ;Gibt es Möglichkeiten für internationale Studienerfahrungen, wie Austauschprogramme oder Studieren im Ausland?;Im IMBIT-Studiengang an der DHBW Mannheim gibt es üblicherweise verschiedene Möglichkeiten für internationale Studienerfahrungen, darunter Austauschprogramme, Praktika im Ausland, Semester an Partnerhochschulen und Sprachkurse. Die genauen Optionen und Details können je nach Hochschule variieren, daher empfiehlt es sich, beim International Office oder der Studienberatung der DHBW Mannheim nach den verfügbaren internationalen Studienerfahrungen und den spezifischen Bedingungen zu erkundigen.;0
Studiengang ;Was kostet ein Auslandssemester?;Die Kosten für ein Auslandssemester variieren je nach Zielland, Partnerhochschule, Aufenthaltsdauer und individueller finanzieller Situation. Mögliche Ausgaben umfassen Studiengebühren, Lebenshaltungskosten, Reisekosten, Studienmaterialien, Visum, Gesundheitsversorgung und Freizeitaktivitäten. Es wird empfohlen, ein Budget zu erstellen und die genauen Kosten im Voraus abzuschätzen. Stipendien und Finanzierungsmöglichkeiten können bei der Deckung der Auslandssemesterkosten helfen.;0
Studiengang ;Welchen Abschluss erhalte ich nach erfolgreichem Abschluss des Studiengangs?;Der Abschluss des Studiums ist ein Bachelor of Science.;0
Studiengang ;Werden die Studenten nach Absolvierung des Studiums vom Partnerunternehmen übernommen?;Ob die Studenten, welche einen Abschluss übernommen werden hängt von der Entscheidung des jeweiligen unternehmens ab. In den meisten fällen stehen die Chancen hoch, wenn der Student einen guten Eindruck hinterlässt und das Unternehmen Stellen zu vergeben hat.;0
Studiengang ;Wie ist die Verbindung von IMBIT zu Wirtschaftsinformatik?;IMBIT verbindet betriebswirtschaftliche und informationstechnologische Inhalte, um Studierende auf internationale Karrieren vorzubereiten. Die Verbindung zu Wirtschaftsinformatik liegt in der Kombination von betriebswirtschaftlichen Grundlagen mit IT-spezifischem Wissen, um Absolventen für Schnittstellenfunktionen in Unternehmen zu qualifizieren.;0
Studiengang ;Berufsfelder nach abgeschlossenem Studium?;IMBIT-Absolventen haben diverse Berufsoptionen, darunter IT-Management, Projektmanagement, internationales Marketing, E-Business, Consulting, globaler Handel, internationale Geschäftsentwicklung und Unternehmensgründung. Die erworbenen Fähigkeiten ermöglichen eine erfolgreiche Karriere in verschiedenen Branchen auf internationaler Ebene.;0
Studiengang ;Wofür steht DHBW?;"Die Abkürzung ""DHBW"" steht für ""Duale Huchschule Baden-Württemberg"".";0
Studiengang ;Welche DHBW Standorte bieten IMBIT an?;IMBIT kannst du an den Standorten DHBW Mannheim und DHBW Stuttgart studieren.;0
Studiengang ;Wie viele Creditpoints kann man mit dem Studium erlangen?;Der Studiengang umfasst insgesamt 210 ECTS über eine feste Studiendauer von 3 Jahren.;0
Studiengang ;;;0
Studiengang ;Was sind die Zulassungsvoraussetzungen für diesen Studiengang?;Für die Zulassung zum IMBIT-Studiengang an der DHBW Mannheim sind verschiedene Abschlüsse gültig, darunter allgemeine Hochschulreife (Abitur), passende fachgebundene Hochschulreife, nicht passende fachgebundene Hochschulreife, Fachhochschulreife, berufliche Qualifikation mit oder ohne Aufstiegsfortbildung, sowie Bildungsabschlüsse aus dem Ausland. Es gibt keinen offiziellen Abschnitt, der von den Unternehmen für die Annahme verlangt wird.;0
